"","Sample","Date","summaryGroupsExtended","ReadCount","RelAbundance"
"1","QMIC2406","2018-01-03","crypto",6793,0.380091763652641
"2","QMIC2406","2018-01-03","green",5151,0.288216204118174
"3","QMIC2406","2018-01-03","hapto",3966,0.221911369740376
"4","QMIC2406","2018-01-03","dict",956,0.0534914950760967
"5","QMIC2406","2018-01-03","cyan",324,0.0181289167412713
"6","QMIC2406","2018-01-03","dict-pelago",244,0.0136526410026858
"7","QMIC2406","2018-01-03","diat-bolido",206,0.0115264100268577
"8","QMIC2406","2018-01-03","diat",201,0.0112466427931961
"9","QMIC2406","2018-01-03","ochro",19,0.00106311548791406
"10","QMIC2406","2018-01-03","raph",12,0.000671441360787825
"11","QMIC2406","2018-01-03","macro",0,0
"12","QMIC2406","2018-01-03","raph-nanno",0,0
"13","QMIC2406","2018-01-03","dict-chryso",0,0
"14","QMIC2406","2018-01-03","unk",0,0
"15","QMIC2416","2018-01-09","crypto",6910,0.509963099630996
"16","QMIC2416","2018-01-09","green",3466,0.255793357933579
"17","QMIC2416","2018-01-09","hapto",1901,0.14029520295203
"18","QMIC2416","2018-01-09","cyan",464,0.0342435424354244
"19","QMIC2416","2018-01-09","dict",360,0.0265682656826568
"20","QMIC2416","2018-01-09","dict-pelago",166,0.0122509225092251
"21","QMIC2416","2018-01-09","diat-bolido",154,0.0113653136531365
"22","QMIC2416","2018-01-09","diat",114,0.00841328413284133
"23","QMIC2416","2018-01-09","ochro",15,0.0011070110701107
"24","QMIC2416","2018-01-09","macro",0,0
"25","QMIC2416","2018-01-09","raph",0,0
"26","QMIC2416","2018-01-09","raph-nanno",0,0
"27","QMIC2416","2018-01-09","dict-chryso",0,0
"28","QMIC2416","2018-01-09","unk",0,0
"29","QMIC2439","2018-01-22","green",1948,0.334938101788171
"30","QMIC2439","2018-01-22","crypto",1850,0.31808803301238
"31","QMIC2439","2018-01-22","hapto",964,0.165749656121045
"32","QMIC2439","2018-01-22","diat",331,0.0569119669876204
"33","QMIC2439","2018-01-22","cyan",278,0.0477991746905089
"34","QMIC2439","2018-01-22","diat-bolido",224,0.0385144429160935
"35","QMIC2439","2018-01-22","dict",143,0.0245873452544704
"36","QMIC2439","2018-01-22","dict-pelago",78,0.0134112792297111
"37","QMIC2439","2018-01-22","macro",0,0
"38","QMIC2439","2018-01-22","raph",0,0
"39","QMIC2439","2018-01-22","raph-nanno",0,0
"40","QMIC2439","2018-01-22","ochro",0,0
"41","QMIC2439","2018-01-22","dict-chryso",0,0
"42","QMIC2439","2018-01-22","unk",0,0
"43","QMIC2418","2018-01-31","crypto",10777,0.601462216765264
"44","QMIC2418","2018-01-31","green",4244,0.236856792052684
"45","QMIC2418","2018-01-31","hapto",1391,0.0776314320794732
"46","QMIC2418","2018-01-31","cyan",446,0.0248911708896082
"47","QMIC2418","2018-01-31","diat",414,0.0231052572831789
"48","QMIC2418","2018-01-31","dict",297,0.0165755106596718
"49","QMIC2418","2018-01-31","diat-bolido",201,0.011217769840384
"50","QMIC2418","2018-01-31","dict-pelago",133,0.00742270342672173
"51","QMIC2418","2018-01-31","raph",15,0.000837147003013729
"52","QMIC2418","2018-01-31","macro",0,0
"53","QMIC2418","2018-01-31","raph-nanno",0,0
"54","QMIC2418","2018-01-31","ochro",0,0
"55","QMIC2418","2018-01-31","dict-chryso",0,0
"56","QMIC2418","2018-01-31","unk",0,0
"57","QMIC2428","2018-02-06","crypto",9340,0.434640979105589
"58","QMIC2428","2018-02-06","green",8729,0.406207827260459
"59","QMIC2428","2018-02-06","hapto",1417,0.0659407138535995
"60","QMIC2428","2018-02-06","cyan",761,0.0354134673553911
"61","QMIC2428","2018-02-06","diat-bolido",366,0.017031969845037
"62","QMIC2428","2018-02-06","dict",311,0.0144725208246079
"63","QMIC2428","2018-02-06","dict-pelago",271,0.012611103355205
"64","QMIC2428","2018-02-06","diat",193,0.00898133928986924
"65","QMIC2428","2018-02-06","dict-chryso",58,0.00269905533063428
"66","QMIC2428","2018-02-06","ochro",25,0.00116338591837684
"67","QMIC2428","2018-02-06","raph",18,0.000837637861231328
"68","QMIC2428","2018-02-06","macro",0,0
"69","QMIC2428","2018-02-06","raph-nanno",0,0
"70","QMIC2428","2018-02-06","unk",0,0
"71","QMIC2456","2018-02-13","green",8693,0.41717055379595
"72","QMIC2456","2018-02-13","crypto",6333,0.303915922833285
"73","QMIC2456","2018-02-13","hapto",2310,0.110855168442269
"74","QMIC2456","2018-02-13","cyan",1570,0.0753431231404166
"75","QMIC2456","2018-02-13","diat-bolido",776,0.0372396583165371
"76","QMIC2456","2018-02-13","diat",466,0.0223629906900854
"77","QMIC2456","2018-02-13","dict",353,0.0169402053939917
"78","QMIC2456","2018-02-13","dict-pelago",220,0.0105576350897399
"79","QMIC2456","2018-02-13","ochro",59,0.00283136577406661
"80","QMIC2456","2018-02-13","dict-chryso",33,0.00158364526346098
"81","QMIC2456","2018-02-13","raph",25,0.00119973126019772
"82","QMIC2456","2018-02-13","macro",0,0
"83","QMIC2456","2018-02-13","raph-nanno",0,0
"84","QMIC2456","2018-02-13","unk",0,0
"85","QMIC2466","2018-02-19","crypto",6355,0.385174859082369
"86","QMIC2466","2018-02-19","green",5763,0.349293896599794
"87","QMIC2466","2018-02-19","cyan",1600,0.0969755742772289
"88","QMIC2466","2018-02-19","diat-bolido",899,0.054488150797018
"89","QMIC2466","2018-02-19","hapto",882,0.0534577853203224
"90","QMIC2466","2018-02-19","diat",421,0.0255166979816959
"91","QMIC2466","2018-02-19","dict",369,0.0223649918176859
"92","QMIC2466","2018-02-19","dict-pelago",189,0.0114552397114977
"93","QMIC2466","2018-02-19","ochro",21,0.00127280441238863
"94","QMIC2466","2018-02-19","macro",0,0
"95","QMIC2466","2018-02-19","raph",0,0
"96","QMIC2466","2018-02-19","raph-nanno",0,0
"97","QMIC2466","2018-02-19","dict-chryso",0,0
"98","QMIC2466","2018-02-19","unk",0,0
"99","QMIC2476","2018-02-27","green",4655,0.371775417298938
"100","QMIC2476","2018-02-27","hapto",2684,0.214359875409312
"101","QMIC2476","2018-02-27","crypto",2550,0.203657854803929
"102","QMIC2476","2018-02-27","dict",981,0.0783483747304528
"103","QMIC2476","2018-02-27","cyan",648,0.0517530548678221
"104","QMIC2476","2018-02-27","diat",592,0.0472805686446769
"105","QMIC2476","2018-02-27","diat-bolido",272,0.0217235045124191
"106","QMIC2476","2018-02-27","dict-pelago",92,0.00734765593802412
"107","QMIC2476","2018-02-27","ochro",24,0.00191677980991934
"108","QMIC2476","2018-02-27","dict-chryso",23,0.00183691398450603
"109","QMIC2476","2018-02-27","macro",0,0
"110","QMIC2476","2018-02-27","raph",0,0
"111","QMIC2476","2018-02-27","raph-nanno",0,0
"112","QMIC2476","2018-02-27","unk",0,0
"113","QMIC2486","2018-03-06","hapto",3606,0.379219686612683
"114","QMIC2486","2018-03-06","crypto",2136,0.22462929855926
"115","QMIC2486","2018-03-06","green",1979,0.208118624461037
"116","QMIC2486","2018-03-06","dict",865,0.0909664528341571
"117","QMIC2486","2018-03-06","diat",413,0.0434325375959617
"118","QMIC2486","2018-03-06","diat-bolido",239,0.0251340834998423
"119","QMIC2486","2018-03-06","cyan",234,0.024608265853402
"120","QMIC2486","2018-03-06","dict-pelago",37,0.00389105058365759
"121","QMIC2486","2018-03-06","macro",0,0
"122","QMIC2486","2018-03-06","raph",0,0
"123","QMIC2486","2018-03-06","raph-nanno",0,0
"124","QMIC2486","2018-03-06","ochro",0,0
"125","QMIC2486","2018-03-06","dict-chryso",0,0
"126","QMIC2486","2018-03-06","unk",0,0
"127","QMIC2496","2018-03-13","hapto",3686,0.37716156758416
"128","QMIC2496","2018-03-13","green",2841,0.290698864217743
"129","QMIC2496","2018-03-13","crypto",1413,0.144582011664791
"130","QMIC2496","2018-03-13","dict",961,0.0983321395681981
"131","QMIC2496","2018-03-13","diat",390,0.0399058630921928
"132","QMIC2496","2018-03-13","diat-bolido",316,0.0323339813772639
"133","QMIC2496","2018-03-13","cyan",90,0.00920904532896756
"134","QMIC2496","2018-03-13","dict-pelago",74,0.00757188171492889
"135","QMIC2496","2018-03-13","ochro",2,0.000204645451754835
"136","QMIC2496","2018-03-13","macro",0,0
"137","QMIC2496","2018-03-13","raph",0,0
"138","QMIC2496","2018-03-13","raph-nanno",0,0
"139","QMIC2496","2018-03-13","dict-chryso",0,0
"140","QMIC2496","2018-03-13","unk",0,0
"141","QMIC2506","2018-03-20","diat",12515,0.89932451853981
"142","QMIC2506","2018-03-20","crypto",472,0.0339177924691003
"143","QMIC2506","2018-03-20","hapto",421,0.0302529462489221
"144","QMIC2506","2018-03-20","green",170,0.0122161540672607
"145","QMIC2506","2018-03-20","dict",141,0.0101322219028456
"146","QMIC2506","2018-03-20","cyan",122,0.00876688703650474
"147","QMIC2506","2018-03-20","diat-bolido",66,0.00474274216728945
"148","QMIC2506","2018-03-20","dict-pelago",9,0.000646737568266743
"149","QMIC2506","2018-03-20","macro",0,0
"150","QMIC2506","2018-03-20","raph",0,0
"151","QMIC2506","2018-03-20","raph-nanno",0,0
"152","QMIC2506","2018-03-20","ochro",0,0
"153","QMIC2506","2018-03-20","dict-chryso",0,0
"154","QMIC2506","2018-03-20","unk",0,0
"155","QMIC2516","2018-03-27","diat",11533,0.955667882001989
"156","QMIC2516","2018-03-27","crypto",248,0.0205502154458071
"157","QMIC2516","2018-03-27","hapto",223,0.0184786211468346
"158","QMIC2516","2018-03-27","dict",41,0.00339741465031488
"159","QMIC2516","2018-03-27","dict-pelago",23,0.00190586675505469
"160","QMIC2516","2018-03-27","macro",0,0
"161","QMIC2516","2018-03-27","raph",0,0
"162","QMIC2516","2018-03-27","raph-nanno",0,0
"163","QMIC2516","2018-03-27","green",0,0
"164","QMIC2516","2018-03-27","ochro",0,0
"165","QMIC2516","2018-03-27","dict-chryso",0,0
"166","QMIC2516","2018-03-27","diat-bolido",0,0
"167","QMIC2516","2018-03-27","cyan",0,0
"168","QMIC2516","2018-03-27","unk",0,0
"169","QMIC2526","2018-04-12","diat",10068,0.968170016347726
"170","QMIC2526","2018-04-12","hapto",139,0.0133666698721031
"171","QMIC2526","2018-04-12","dict-pelago",97,0.00932781998269064
"172","QMIC2526","2018-04-12","crypto",58,0.00557745937109337
"173","QMIC2526","2018-04-12","dict",31,0.0029810558707568
"174","QMIC2526","2018-04-12","dict-chryso",6,0.000576978555630349
"175","QMIC2526","2018-04-12","macro",0,0
"176","QMIC2526","2018-04-12","raph",0,0
"177","QMIC2526","2018-04-12","raph-nanno",0,0
"178","QMIC2526","2018-04-12","green",0,0
"179","QMIC2526","2018-04-12","ochro",0,0
"180","QMIC2526","2018-04-12","diat-bolido",0,0
"181","QMIC2526","2018-04-12","cyan",0,0
"182","QMIC2526","2018-04-12","unk",0,0
"183","QMIC2533","2018-04-17","diat",4525,0.673463312993005
"184","QMIC2533","2018-04-17","hapto",1206,0.179490995683882
"185","QMIC2533","2018-04-17","dict-pelago",554,0.0824527459443369
"186","QMIC2533","2018-04-17","crypto",229,0.0340824527459443
"187","QMIC2533","2018-04-17","dict",158,0.0235154040779878
"188","QMIC2533","2018-04-17","dict-chryso",25,0.00372079178449174
"189","QMIC2533","2018-04-17","diat-bolido",14,0.00208364339931537
"190","QMIC2533","2018-04-17","green",8,0.00119065337103736
"191","QMIC2533","2018-04-17","macro",0,0
"192","QMIC2533","2018-04-17","raph",0,0
"193","QMIC2533","2018-04-17","raph-nanno",0,0
"194","QMIC2533","2018-04-17","ochro",0,0
"195","QMIC2533","2018-04-17","cyan",0,0
"196","QMIC2533","2018-04-17","unk",0,0
"197","QMIC2543","2018-04-24","dict-pelago",7898,0.678289247681209
"198","QMIC2543","2018-04-24","dict",1962,0.168498797664033
"199","QMIC2543","2018-04-24","hapto",1109,0.0952421848162144
"200","QMIC2543","2018-04-24","diat",375,0.0322054276880797
"201","QMIC2543","2018-04-24","crypto",178,0.0152868430092752
"202","QMIC2543","2018-04-24","green",122,0.0104774991411886
"203","QMIC2543","2018-04-24","macro",0,0
"204","QMIC2543","2018-04-24","raph",0,0
"205","QMIC2543","2018-04-24","raph-nanno",0,0
"206","QMIC2543","2018-04-24","ochro",0,0
"207","QMIC2543","2018-04-24","dict-chryso",0,0
"208","QMIC2543","2018-04-24","diat-bolido",0,0
"209","QMIC2543","2018-04-24","cyan",0,0
"210","QMIC2543","2018-04-24","unk",0,0
"211","QMIC2553","2018-05-02","green",980,0.349376114081996
"212","QMIC2553","2018-05-02","crypto",656,0.233868092691622
"213","QMIC2553","2018-05-02","diat",412,0.146880570409982
"214","QMIC2553","2018-05-02","dict-pelago",390,0.13903743315508
"215","QMIC2553","2018-05-02","hapto",217,0.0773618538324421
"216","QMIC2553","2018-05-02","dict",99,0.0352941176470588
"217","QMIC2553","2018-05-02","dict-chryso",34,0.0121212121212121
"218","QMIC2553","2018-05-02","cyan",17,0.00606060606060606
"219","QMIC2553","2018-05-02","macro",0,0
"220","QMIC2553","2018-05-02","raph",0,0
"221","QMIC2553","2018-05-02","raph-nanno",0,0
"222","QMIC2553","2018-05-02","ochro",0,0
"223","QMIC2553","2018-05-02","diat-bolido",0,0
"224","QMIC2553","2018-05-02","unk",0,0
"225","QMIC2563","2018-05-08","diat",1555,0.646300914380715
"226","QMIC2563","2018-05-08","hapto",578,0.240232751454697
"227","QMIC2563","2018-05-08","crypto",91,0.0378221113881962
"228","QMIC2563","2018-05-08","green",49,0.0203657522859518
"229","QMIC2563","2018-05-08","dict-pelago",45,0.0187032418952618
"230","QMIC2563","2018-05-08","dict-chryso",25,0.0103906899418121
"231","QMIC2563","2018-05-08","dict",21,0.00872817955112219
"232","QMIC2563","2018-05-08","unk",21,0.00872817955112219
"233","QMIC2563","2018-05-08","ochro",13,0.00540315876974231
"234","QMIC2563","2018-05-08","cyan",8,0.00332502078137988
"235","QMIC2563","2018-05-08","macro",0,0
"236","QMIC2563","2018-05-08","raph",0,0
"237","QMIC2563","2018-05-08","raph-nanno",0,0
"238","QMIC2563","2018-05-08","diat-bolido",0,0
"239","QMIC2583","2018-05-15","diat",4990,0.315862767438916
"240","QMIC2583","2018-05-15","green",4215,0.266805924800608
"241","QMIC2583","2018-05-15","hapto",3318,0.210026585643752
"242","QMIC2583","2018-05-15","crypto",2551,0.161476136219775
"243","QMIC2583","2018-05-15","dict",308,0.0194961387517407
"244","QMIC2583","2018-05-15","cyan",206,0.0130396252690214
"245","QMIC2583","2018-05-15","dict-chryso",101,0.00639321433092797
"246","QMIC2583","2018-05-15","dict-pelago",54,0.00341815419673376
"247","QMIC2583","2018-05-15","diat-bolido",42,0.00265856437523737
"248","QMIC2583","2018-05-15","unk",9,0.000569692366122294
"249","QMIC2583","2018-05-15","ochro",4,0.000253196607165464
"250","QMIC2583","2018-05-15","macro",0,0
"251","QMIC2583","2018-05-15","raph",0,0
"252","QMIC2583","2018-05-15","raph-nanno",0,0
"253","QMIC2593","2018-05-22","diat",5465,0.648587704723475
"254","QMIC2593","2018-05-22","hapto",1039,0.12330880607643
"255","QMIC2593","2018-05-22","crypto",956,0.113458343223356
"256","QMIC2593","2018-05-22","green",738,0.0875860431996202
"257","QMIC2593","2018-05-22","dict",111,0.0131735105625445
"258","QMIC2593","2018-05-22","macro",104,0.0123427486351768
"259","QMIC2593","2018-05-22","cyan",13,0.0015428435793971
"260","QMIC2593","2018-05-22","dict-pelago",0,0
"261","QMIC2593","2018-05-22","raph",0,0
"262","QMIC2593","2018-05-22","raph-nanno",0,0
"263","QMIC2593","2018-05-22","ochro",0,0
"264","QMIC2593","2018-05-22","dict-chryso",0,0
"265","QMIC2593","2018-05-22","diat-bolido",0,0
"266","QMIC2593","2018-05-22","unk",0,0
"267","QMIC2603","2018-05-29","green",4113,0.30367690490254
"268","QMIC2603","2018-05-29","crypto",2965,0.2189161252215
"269","QMIC2603","2018-05-29","cyan",2507,0.185100413467218
"270","QMIC2603","2018-05-29","diat",2477,0.182885410513881
"271","QMIC2603","2018-05-29","hapto",1075,0.0793709391612522
"272","QMIC2603","2018-05-29","dict",284,0.0209686946249262
"273","QMIC2603","2018-05-29","dict-chryso",60,0.00443000590667454
"274","QMIC2603","2018-05-29","diat-bolido",28,0.00206733608978145
"275","QMIC2603","2018-05-29","macro",23,0.00169816893089191
"276","QMIC2603","2018-05-29","dict-pelago",12,0.000886001181334908
"277","QMIC2603","2018-05-29","raph",0,0
"278","QMIC2603","2018-05-29","raph-nanno",0,0
"279","QMIC2603","2018-05-29","ochro",0,0
"280","QMIC2603","2018-05-29","unk",0,0
"281","QMIC2609","2018-06-05","green",331,0.441922563417891
"282","QMIC2609","2018-06-05","hapto",135,0.180240320427236
"283","QMIC2609","2018-06-05","macro",129,0.172229639519359
"284","QMIC2609","2018-06-05","crypto",95,0.126835781041389
"285","QMIC2609","2018-06-05","dict",22,0.0293724966622163
"286","QMIC2609","2018-06-05","diat",21,0.0280373831775701
"287","QMIC2609","2018-06-05","cyan",16,0.0213618157543391
"288","QMIC2609","2018-06-05","dict-pelago",0,0
"289","QMIC2609","2018-06-05","raph",0,0
"290","QMIC2609","2018-06-05","raph-nanno",0,0
"291","QMIC2609","2018-06-05","ochro",0,0
"292","QMIC2609","2018-06-05","dict-chryso",0,0
"293","QMIC2609","2018-06-05","diat-bolido",0,0
"294","QMIC2609","2018-06-05","unk",0,0
"295","QMIC2619","2018-06-11","green",6050,0.515112813963389
"296","QMIC2619","2018-06-11","crypto",1884,0.160408684546616
"297","QMIC2619","2018-06-11","macro",1273,0.108386547467007
"298","QMIC2619","2018-06-11","hapto",877,0.0746700723712218
"299","QMIC2619","2018-06-11","cyan",712,0.0606215410813112
"300","QMIC2619","2018-06-11","dict-chryso",396,0.0337164750957854
"301","QMIC2619","2018-06-11","diat",299,0.0254576415495956
"302","QMIC2619","2018-06-11","dict",169,0.0143891017454236
"303","QMIC2619","2018-06-11","diat-bolido",66,0.00561941251596424
"304","QMIC2619","2018-06-11","dict-pelago",18,0.00153256704980843
"305","QMIC2619","2018-06-11","ochro",1,8.51426138782461e-05
"306","QMIC2619","2018-06-11","raph",0,0
"307","QMIC2619","2018-06-11","raph-nanno",0,0
"308","QMIC2619","2018-06-11","unk",0,0
"309","QMIC2639","2018-06-18","green",13518,0.744629282802688
"310","QMIC2639","2018-06-18","crypto",2018,0.111160074914619
"311","QMIC2639","2018-06-18","diat",1136,0.0625757408835518
"312","QMIC2639","2018-06-18","cyan",785,0.043241158973229
"313","QMIC2639","2018-06-18","hapto",308,0.0169659579156109
"314","QMIC2639","2018-06-18","macro",185,0.0101905916051559
"315","QMIC2639","2018-06-18","dict-chryso",96,0.0052880907788917
"316","QMIC2639","2018-06-18","dict",54,0.00297455106312658
"317","QMIC2639","2018-06-18","diat-bolido",54,0.00297455106312658
"318","QMIC2639","2018-06-18","dict-pelago",0,0
"319","QMIC2639","2018-06-18","raph",0,0
"320","QMIC2639","2018-06-18","raph-nanno",0,0
"321","QMIC2639","2018-06-18","ochro",0,0
"322","QMIC2639","2018-06-18","unk",0,0
"323","QMIC2649","2018-06-26","green",3302,0.657376070077643
"324","QMIC2649","2018-06-26","cyan",643,0.128011148715907
"325","QMIC2649","2018-06-26","crypto",551,0.109695401154688
"326","QMIC2649","2018-06-26","dict-chryso",401,0.0798327692613976
"327","QMIC2649","2018-06-26","diat",49,0.00975512641847501
"328","QMIC2649","2018-06-26","diat-bolido",42,0.00836153693012144
"329","QMIC2649","2018-06-26","hapto",26,0.00517618952817042
"330","QMIC2649","2018-06-26","dict",9,0.00179175791359745
"331","QMIC2649","2018-06-26","dict-pelago",0,0
"332","QMIC2649","2018-06-26","macro",0,0
"333","QMIC2649","2018-06-26","raph",0,0
"334","QMIC2649","2018-06-26","raph-nanno",0,0
"335","QMIC2649","2018-06-26","ochro",0,0
"336","QMIC2649","2018-06-26","unk",0,0
"337","QMIC2659","2018-07-11","green",5924,0.427663875252671
"338","QMIC2659","2018-07-11","cyan",5309,0.38326595437482
"339","QMIC2659","2018-07-11","hapto",740,0.0534218885359515
"340","QMIC2659","2018-07-11","dict",698,0.0503898354028299
"341","QMIC2659","2018-07-11","crypto",522,0.0376840889402252
"342","QMIC2659","2018-07-11","dict-chryso",336,0.0242564250649726
"343","QMIC2659","2018-07-11","diat-bolido",187,0.0134998556165175
"344","QMIC2659","2018-07-11","ochro",67,0.00483684666474155
"345","QMIC2659","2018-07-11","diat",44,0.00317643661565117
"346","QMIC2659","2018-07-11","raph",18,0.00129945134276639
"347","QMIC2659","2018-07-11","macro",7,0.000505342188853595
"348","QMIC2659","2018-07-11","dict-pelago",0,0
"349","QMIC2659","2018-07-11","raph-nanno",0,0
"350","QMIC2659","2018-07-11","unk",0,0
"351","QMIC2664","2018-07-16","green",5920,0.444644734865555
"352","QMIC2664","2018-07-16","cyan",2204,0.165540033047919
"353","QMIC2664","2018-07-16","crypto",1965,0.147589004055881
"354","QMIC2664","2018-07-16","dict",1333,0.100120174252666
"355","QMIC2664","2018-07-16","hapto",1249,0.0938110259876821
"356","QMIC2664","2018-07-16","diat",399,0.0299684542586751
"357","QMIC2664","2018-07-16","macro",197,0.0147964548595463
"358","QMIC2664","2018-07-16","dict-chryso",25,0.00187772269791197
"359","QMIC2664","2018-07-16","diat-bolido",22,0.00165239597416254
"360","QMIC2664","2018-07-16","dict-pelago",0,0
"361","QMIC2664","2018-07-16","raph",0,0
"362","QMIC2664","2018-07-16","raph-nanno",0,0
"363","QMIC2664","2018-07-16","ochro",0,0
"364","QMIC2664","2018-07-16","unk",0,0
"365","QMIC2674","2018-07-23","green",2673,0.623803967327888
"366","QMIC2674","2018-07-23","cyan",581,0.13558926487748
"367","QMIC2674","2018-07-23","crypto",450,0.105017502917153
"368","QMIC2674","2018-07-23","hapto",284,0.0662777129521587
"369","QMIC2674","2018-07-23","dict",162,0.037806301050175
"370","QMIC2674","2018-07-23","diat",82,0.0191365227537923
"371","QMIC2674","2018-07-23","diat-bolido",47,0.0109684947491249
"372","QMIC2674","2018-07-23","macro",6,0.0014002333722287
"373","QMIC2674","2018-07-23","dict-pelago",0,0
"374","QMIC2674","2018-07-23","raph",0,0
"375","QMIC2674","2018-07-23","raph-nanno",0,0
"376","QMIC2674","2018-07-23","ochro",0,0
"377","QMIC2674","2018-07-23","dict-chryso",0,0
"378","QMIC2674","2018-07-23","unk",0,0
"379","QMIC2694","2018-07-31","diat",4189,0.626345693779904
"380","QMIC2694","2018-07-31","hapto",1905,0.284838516746411
"381","QMIC2694","2018-07-31","crypto",327,0.0488935406698565
"382","QMIC2694","2018-07-31","green",128,0.0191387559808612
"383","QMIC2694","2018-07-31","cyan",56,0.00837320574162679
"384","QMIC2694","2018-07-31","dict",32,0.00478468899521531
"385","QMIC2694","2018-07-31","ochro",29,0.00433612440191388
"386","QMIC2694","2018-07-31","macro",22,0.00328947368421053
"387","QMIC2694","2018-07-31","dict-pelago",0,0
"388","QMIC2694","2018-07-31","raph",0,0
"389","QMIC2694","2018-07-31","raph-nanno",0,0
"390","QMIC2694","2018-07-31","dict-chryso",0,0
"391","QMIC2694","2018-07-31","diat-bolido",0,0
"392","QMIC2694","2018-07-31","unk",0,0
"393","QMIC2704","2018-08-09","green",7542,0.649109217660728
"394","QMIC2704","2018-08-09","cyan",1359,0.116963594113091
"395","QMIC2704","2018-08-09","diat",951,0.0818486961012135
"396","QMIC2704","2018-08-09","hapto",757,0.065151906360272
"397","QMIC2704","2018-08-09","crypto",756,0.0650658404337723
"398","QMIC2704","2018-08-09","dict-chryso",76,0.00654101041397711
"399","QMIC2704","2018-08-09","macro",62,0.00533608744298132
"400","QMIC2704","2018-08-09","dict",49,0.00421723039848524
"401","QMIC2704","2018-08-09","diat-bolido",37,0.00318443928048885
"402","QMIC2704","2018-08-09","raph-nanno",18,0.00154918667699458
"403","QMIC2704","2018-08-09","ochro",12,0.00103279111799639
"404","QMIC2704","2018-08-09","dict-pelago",0,0
"405","QMIC2704","2018-08-09","raph",0,0
"406","QMIC2704","2018-08-09","unk",0,0
"407","QMIC2724","2018-08-14","green",11292,0.636455867433209
"408","QMIC2724","2018-08-14","cyan",2856,0.160973960094691
"409","QMIC2724","2018-08-14","crypto",2550,0.143726750084545
"410","QMIC2724","2018-08-14","hapto",314,0.017698117461391
"411","QMIC2724","2018-08-14","macro",202,0.0113854131439522
"412","QMIC2724","2018-08-14","dict-chryso",172,0.00969451020178108
"413","QMIC2724","2018-08-14","diat",117,0.00659452147446737
"414","QMIC2724","2018-08-14","dict",107,0.00603088716041033
"415","QMIC2724","2018-08-14","ochro",86,0.00484725510089054
"416","QMIC2724","2018-08-14","diat-bolido",36,0.00202908353060534
"417","QMIC2724","2018-08-14","raph-nanno",10,0.00056363431405704
"418","QMIC2724","2018-08-14","dict-pelago",0,0
"419","QMIC2724","2018-08-14","raph",0,0
"420","QMIC2724","2018-08-14","unk",0,0
"421","QMIC2734","2018-08-21","green",4265,0.634672619047619
"422","QMIC2734","2018-08-21","crypto",1363,0.202827380952381
"423","QMIC2734","2018-08-21","cyan",713,0.10610119047619
"424","QMIC2734","2018-08-21","hapto",160,0.0238095238095238
"425","QMIC2734","2018-08-21","dict",88,0.0130952380952381
"426","QMIC2734","2018-08-21","diat",52,0.00773809523809524
"427","QMIC2734","2018-08-21","diat-bolido",47,0.00699404761904762
"428","QMIC2734","2018-08-21","dict-chryso",24,0.00357142857142857
"429","QMIC2734","2018-08-21","dict-pelago",4,0.000595238095238095
"430","QMIC2734","2018-08-21","macro",4,0.000595238095238095
"431","QMIC2734","2018-08-21","raph",0,0
"432","QMIC2734","2018-08-21","raph-nanno",0,0
"433","QMIC2734","2018-08-21","ochro",0,0
"434","QMIC2734","2018-08-21","unk",0,0
"435","QMIC2744","2018-08-29","diat",11952,0.62520269916828
"436","QMIC2744","2018-08-29","macro",2155,0.112726892294816
"437","QMIC2744","2018-08-29","green",1956,0.102317309201234
"438","QMIC2744","2018-08-29","crypto",1074,0.0561803630276717
"439","QMIC2744","2018-08-29","hapto",1023,0.053512580425799
"440","QMIC2744","2018-08-29","dict",352,0.0184129308991997
"441","QMIC2744","2018-08-29","cyan",252,0.0131819846210179
"442","QMIC2744","2018-08-29","diat-bolido",183,0.00957263168907255
"443","QMIC2744","2018-08-29","dict-pelago",63,0.00329549615525449
"444","QMIC2744","2018-08-29","dict-chryso",55,0.00287702045299995
"445","QMIC2744","2018-08-29","ochro",52,0.0027200920646545
"446","QMIC2744","2018-08-29","raph",0,0
"447","QMIC2744","2018-08-29","raph-nanno",0,0
"448","QMIC2744","2018-08-29","unk",0,0
"449","QMIC2763","2018-09-04","diat",7967,0.909994288977727
"450","QMIC2763","2018-09-04","hapto",522,0.0596230725299829
"451","QMIC2763","2018-09-04","macro",63,0.00719588806396345
"452","QMIC2763","2018-09-04","ochro",54,0.00616790405482581
"453","QMIC2763","2018-09-04","cyan",44,0.00502569960022844
"454","QMIC2763","2018-09-04","dict",38,0.00434037692747002
"455","QMIC2763","2018-09-04","green",33,0.00376927470017133
"456","QMIC2763","2018-09-04","crypto",29,0.00331239291833238
"457","QMIC2763","2018-09-04","dict-pelago",5,0.000571102227298686
"458","QMIC2763","2018-09-04","raph",0,0
"459","QMIC2763","2018-09-04","raph-nanno",0,0
"460","QMIC2763","2018-09-04","dict-chryso",0,0
"461","QMIC2763","2018-09-04","diat-bolido",0,0
"462","QMIC2763","2018-09-04","unk",0,0
"463","QMIC2783","2018-09-13","green",6215,0.440999077556234
"464","QMIC2783","2018-09-13","crypto",3293,0.233662101752643
"465","QMIC2783","2018-09-13","cyan",1487,0.105513375434613
"466","QMIC2783","2018-09-13","dict",1148,0.081458880295182
"467","QMIC2783","2018-09-13","diat",826,0.0586106577733627
"468","QMIC2783","2018-09-13","hapto",768,0.0544951394309232
"469","QMIC2783","2018-09-13","diat-bolido",276,0.019584190732988
"470","QMIC2783","2018-09-13","dict-chryso",43,0.00305116015042929
"471","QMIC2783","2018-09-13","dict-pelago",27,0.00191584474561839
"472","QMIC2783","2018-09-13","macro",10,0.000709572128006812
"473","QMIC2783","2018-09-13","raph",0,0
"474","QMIC2783","2018-09-13","raph-nanno",0,0
"475","QMIC2783","2018-09-13","ochro",0,0
"476","QMIC2783","2018-09-13","unk",0,0
"477","QMIC2793","2018-09-18","dict",3973,0.287024996387805
"478","QMIC2793","2018-09-18","green",3743,0.270408900447912
"479","QMIC2793","2018-09-18","crypto",3624,0.261811876896402
"480","QMIC2793","2018-09-18","hapto",959,0.0692818956798151
"481","QMIC2793","2018-09-18","cyan",765,0.0552665799739922
"482","QMIC2793","2018-09-18","diat",476,0.0343880942060396
"483","QMIC2793","2018-09-18","diat-bolido",228,0.0164716081491114
"484","QMIC2793","2018-09-18","dict-chryso",35,0.00252853633867938
"485","QMIC2793","2018-09-18","dict-pelago",26,0.00187834128016183
"486","QMIC2793","2018-09-18","raph",13,0.000939170640080913
"487","QMIC2793","2018-09-18","macro",0,0
"488","QMIC2793","2018-09-18","raph-nanno",0,0
"489","QMIC2793","2018-09-18","ochro",0,0
"490","QMIC2793","2018-09-18","unk",0,0
"491","QMIC2803","2018-09-25","diat",3741,0.624853850008351
"492","QMIC2803","2018-09-25","cyan",821,0.137130449306831
"493","QMIC2803","2018-09-25","green",613,0.102388508434942
"494","QMIC2803","2018-09-25","hapto",300,0.0501085685652247
"495","QMIC2803","2018-09-25","crypto",238,0.0397527977284116
"496","QMIC2803","2018-09-25","dict",148,0.0247202271588442
"497","QMIC2803","2018-09-25","diat-bolido",78,0.0130282278269584
"498","QMIC2803","2018-09-25","macro",25,0.00417571404710205
"499","QMIC2803","2018-09-25","dict-chryso",17,0.0028394855520294
"500","QMIC2803","2018-09-25","dict-pelago",6,0.00100217137130449
"501","QMIC2803","2018-09-25","raph",0,0
"502","QMIC2803","2018-09-25","raph-nanno",0,0
"503","QMIC2803","2018-09-25","ochro",0,0
"504","QMIC2803","2018-09-25","unk",0,0
"505","QMIC2813","2018-10-04","diat",5796,0.943973941368078
"506","QMIC2813","2018-10-04","hapto",119,0.0193811074918567
"507","QMIC2813","2018-10-04","crypto",101,0.0164495114006515
"508","QMIC2813","2018-10-04","dict",57,0.00928338762214984
"509","QMIC2813","2018-10-04","ochro",24,0.00390879478827362
"510","QMIC2813","2018-10-04","cyan",20,0.00325732899022801
"511","QMIC2813","2018-10-04","green",16,0.00260586319218241
"512","QMIC2813","2018-10-04","dict-chryso",7,0.0011400651465798
"513","QMIC2813","2018-10-04","dict-pelago",0,0
"514","QMIC2813","2018-10-04","macro",0,0
"515","QMIC2813","2018-10-04","raph",0,0
"516","QMIC2813","2018-10-04","raph-nanno",0,0
"517","QMIC2813","2018-10-04","diat-bolido",0,0
"518","QMIC2813","2018-10-04","unk",0,0
"519","QMIC2823","2018-10-09","green",1805,0.29349593495935
"520","QMIC2823","2018-10-09","crypto",1265,0.205691056910569
"521","QMIC2823","2018-10-09","hapto",1082,0.175934959349593
"522","QMIC2823","2018-10-09","cyan",708,0.115121951219512
"523","QMIC2823","2018-10-09","diat",694,0.112845528455285
"524","QMIC2823","2018-10-09","dict",346,0.056260162601626
"525","QMIC2823","2018-10-09","diat-bolido",170,0.0276422764227642
"526","QMIC2823","2018-10-09","dict-pelago",80,0.0130081300813008
"527","QMIC2823","2018-10-09","macro",0,0
"528","QMIC2823","2018-10-09","raph",0,0
"529","QMIC2823","2018-10-09","raph-nanno",0,0
"530","QMIC2823","2018-10-09","ochro",0,0
"531","QMIC2823","2018-10-09","dict-chryso",0,0
"532","QMIC2823","2018-10-09","unk",0,0
"533","QMIC2843","2018-10-16","diat",16068,0.812335692618807
"534","QMIC2843","2018-10-16","hapto",1193,0.0603134479271992
"535","QMIC2843","2018-10-16","green",1158,0.0585439838220425
"536","QMIC2843","2018-10-16","crypto",667,0.0337209302325581
"537","QMIC2843","2018-10-16","dict",252,0.0127401415571284
"538","QMIC2843","2018-10-16","cyan",190,0.0096056622851365
"539","QMIC2843","2018-10-16","dict-chryso",103,0.00520728008088979
"540","QMIC2843","2018-10-16","diat-bolido",99,0.00500505561172902
"541","QMIC2843","2018-10-16","dict-pelago",42,0.00212335692618807
"542","QMIC2843","2018-10-16","macro",8,0.000404448938321537
"543","QMIC2843","2018-10-16","raph",0,0
"544","QMIC2843","2018-10-16","raph-nanno",0,0
"545","QMIC2843","2018-10-16","ochro",0,0
"546","QMIC2843","2018-10-16","unk",0,0
"547","QMIC2853","2018-10-24","diat",5283,0.654484638255699
"548","QMIC2853","2018-10-24","hapto",795,0.0984886025768087
"549","QMIC2853","2018-10-24","green",652,0.0807730426164519
"550","QMIC2853","2018-10-24","cyan",517,0.0640485629335976
"551","QMIC2853","2018-10-24","crypto",383,0.0474479682854311
"552","QMIC2853","2018-10-24","dict",357,0.0442269573835481
"553","QMIC2853","2018-10-24","diat-bolido",41,0.0050792864222002
"554","QMIC2853","2018-10-24","dict-pelago",24,0.00297324083250743
"555","QMIC2853","2018-10-24","ochro",20,0.00247770069375619
"556","QMIC2853","2018-10-24","macro",0,0
"557","QMIC2853","2018-10-24","raph",0,0
"558","QMIC2853","2018-10-24","raph-nanno",0,0
"559","QMIC2853","2018-10-24","dict-chryso",0,0
"560","QMIC2853","2018-10-24","unk",0,0
"561","QMIC2863","2018-10-30","diat",1945,0.492779326070433
"562","QMIC2863","2018-10-30","crypto",729,0.184697238408918
"563","QMIC2863","2018-10-30","cyan",464,0.117557638712947
"564","QMIC2863","2018-10-30","green",347,0.0879148720547251
"565","QMIC2863","2018-10-30","hapto",275,0.0696731694958196
"566","QMIC2863","2018-10-30","dict",135,0.0342031922979478
"567","QMIC2863","2018-10-30","diat-bolido",30,0.00760070939954396
"568","QMIC2863","2018-10-30","dict-pelago",13,0.00329364073980238
"569","QMIC2863","2018-10-30","ochro",9,0.00228021281986319
"570","QMIC2863","2018-10-30","macro",0,0
"571","QMIC2863","2018-10-30","raph",0,0
"572","QMIC2863","2018-10-30","raph-nanno",0,0
"573","QMIC2863","2018-10-30","dict-chryso",0,0
"574","QMIC2863","2018-10-30","unk",0,0
"575","QMIC2883","2018-11-07","crypto",1172,0.290602529134639
"576","QMIC2883","2018-11-07","green",1121,0.277956855938507
"577","QMIC2883","2018-11-07","hapto",854,0.211753037441111
"578","QMIC2883","2018-11-07","dict",348,0.0862881229853707
"579","QMIC2883","2018-11-07","diat",258,0.0639722291098438
"580","QMIC2883","2018-11-07","cyan",206,0.0510786015373171
"581","QMIC2883","2018-11-07","diat-bolido",35,0.00867840317381602
"582","QMIC2883","2018-11-07","dict-pelago",31,0.00768658566823704
"583","QMIC2883","2018-11-07","dict-chryso",8,0.00198363501115795
"584","QMIC2883","2018-11-07","macro",0,0
"585","QMIC2883","2018-11-07","raph",0,0
"586","QMIC2883","2018-11-07","raph-nanno",0,0
"587","QMIC2883","2018-11-07","ochro",0,0
"588","QMIC2883","2018-11-07","unk",0,0
"589","QMIC2893","2018-11-16","green",6373,0.460443609565783
"590","QMIC2893","2018-11-16","crypto",3614,0.261108301423308
"591","QMIC2893","2018-11-16","hapto",1620,0.117043566216314
"592","QMIC2893","2018-11-16","dict",682,0.0492738963947692
"593","QMIC2893","2018-11-16","cyan",630,0.0455169424174554
"594","QMIC2893","2018-11-16","diat",437,0.0315728632324254
"595","QMIC2893","2018-11-16","diat-bolido",304,0.0219637309442959
"596","QMIC2893","2018-11-16","dict-pelago",163,0.0117766057365797
"597","QMIC2893","2018-11-16","ochro",10,0.000722491149483419
"598","QMIC2893","2018-11-16","macro",8,0.000577992919586735
"599","QMIC2893","2018-11-16","raph",0,0
"600","QMIC2893","2018-11-16","raph-nanno",0,0
"601","QMIC2893","2018-11-16","dict-chryso",0,0
"602","QMIC2893","2018-11-16","unk",0,0
"603","QMIC2903","2018-11-19","green",8099,0.387382216482518
"604","QMIC2903","2018-11-19","crypto",7768,0.371550198498111
"605","QMIC2903","2018-11-19","hapto",1641,0.0784904577414263
"606","QMIC2903","2018-11-19","cyan",1449,0.0693069306930693
"607","QMIC2903","2018-11-19","dict",727,0.0347730425216435
"608","QMIC2903","2018-11-19","diat",658,0.0314727124886402
"609","QMIC2903","2018-11-19","diat-bolido",420,0.020088965418281
"610","QMIC2903","2018-11-19","dict-pelago",139,0.00664849093605013
"611","QMIC2903","2018-11-19","raph",6,0.000286985220261157
"612","QMIC2903","2018-11-19","macro",0,0
"613","QMIC2903","2018-11-19","raph-nanno",0,0
"614","QMIC2903","2018-11-19","ochro",0,0
"615","QMIC2903","2018-11-19","dict-chryso",0,0
"616","QMIC2903","2018-11-19","unk",0,0
"617","QMIC2913","2018-11-28","crypto",2134,0.335745752045312
"618","QMIC2913","2018-11-28","green",1637,0.257551919446193
"619","QMIC2913","2018-11-28","cyan",765,0.120358716173694
"620","QMIC2913","2018-11-28","hapto",617,0.0970736312146004
"621","QMIC2913","2018-11-28","diat",512,0.0805538074260541
"622","QMIC2913","2018-11-28","dict",353,0.0555380742605412
"623","QMIC2913","2018-11-28","diat-bolido",274,0.0431088735053493
"624","QMIC2913","2018-11-28","dict-pelago",55,0.00865324103209566
"625","QMIC2913","2018-11-28","macro",9,0.00141598489616111
"626","QMIC2913","2018-11-28","raph",0,0
"627","QMIC2913","2018-11-28","raph-nanno",0,0
"628","QMIC2913","2018-11-28","ochro",0,0
"629","QMIC2913","2018-11-28","dict-chryso",0,0
"630","QMIC2913","2018-11-28","unk",0,0
"631","QMIC2923","2018-12-04","green",7720,0.417839359168651
"632","QMIC2923","2018-12-04","hapto",3902,0.211192898895865
"633","QMIC2923","2018-12-04","crypto",3128,0.169300714440355
"634","QMIC2923","2018-12-04","dict",1355,0.0733383849318034
"635","QMIC2923","2018-12-04","cyan",791,0.04281229703399
"636","QMIC2923","2018-12-04","diat-bolido",736,0.03983546222126
"637","QMIC2923","2018-12-04","diat",623,0.0337194197878329
"638","QMIC2923","2018-12-04","dict-pelago",194,0.0105001082485386
"639","QMIC2923","2018-12-04","macro",27,0.00146135527170383
"640","QMIC2923","2018-12-04","raph",0,0
"641","QMIC2923","2018-12-04","raph-nanno",0,0
"642","QMIC2923","2018-12-04","ochro",0,0
"643","QMIC2923","2018-12-04","dict-chryso",0,0
"644","QMIC2923","2018-12-04","unk",0,0
